{
  "yaml_parsing": {
    "status": "completed",
    "config_file_size": 36418,
    "config_line_count": 1503,
    "target_startup_time": 2.0,
    "actual_parsing_time": 0.05531843150965869,
    "actual_validation_time": 0.056633545621298256,
    "total_startup_time": 0.11195197713095695,
    "performance_target_met": true,
    "parse_time_stats": {
      "min": 0.05385018396191299,
      "max": 0.056677876971662045,
      "avg": 0.05531843150965869,
      "std": 0.0008238978018662734
    },
    "validation_time_stats": {
      "min": 0.05550318886525929,
      "max": 0.05870569217950106,
      "avg": 0.056633545621298256,
      "std": 0.0009077861760843255
    },
    "benchmark_duration_ms": 1883.53327405639
  },
  "sqlite_integration": {
    "status": "completed",
    "target_query_time_ms": 10.0,
    "actual_avg_query_time_ms": 0.14199650613591075,
    "performance_target_met": true,
    "query_time_stats": {
      "min_ms": 0.13510487042367458,
      "max_ms": 0.24536601267755032,
      "avg_ms": 0.14199650613591075,
      "p95_ms": 0.14850194565951824,
      "p99_ms": 0.24536601267755032
    },
    "database_size_mb": 0.140625,
    "test_records_count": 1001,
    "benchmark_duration_ms": 74.23724699765444
  },
  "language_detection": {
    "status": "skipped",
    "reason": "Language detection data not found in config",
    "target_accuracy": 0.95,
    "benchmark_duration_ms": 54.938443936407566
  },
  "lsp_configuration": {
    "status": "completed",
    "target_servers": 80,
    "actual_servers_found": 50,
    "servers_target_met": false,
    "valid_servers": 0,
    "invalid_servers": 50,
    "total_load_time_ms": 0.03677885979413986,
    "avg_server_load_time_ms": 0.0004826672375202179,
    "load_time_stats": {
      "min_ms": 0.00036298297345638275,
      "max_ms": 0.003984896466135979,
      "avg_ms": 0.0004826672375202179
    },
    "benchmark_duration_ms": 54.65396703220904
  },
  "memory_footprint": {
    "status": "completed",
    "target_memory_mb": 50.0,
    "initial_memory_mb": 229.1328125,
    "peak_memory_mb": 230.7265625,
    "asset_memory_usage_mb": 1.59375,
    "memory_target_met": true,
    "traced_memory_current_mb": 0.2547950744628906,
    "traced_memory_peak_mb": 1.4245967864990234,
    "benchmark_duration_ms": 514.4594840239733
  },
  "hot_reload": {
    "status": "completed",
    "hot_reload_tests": 5,
    "successful_reloads": 5,
    "avg_reload_time_ms": 104.35740184038877,
    "avg_detection_time_ms": 0.5993154365569353,
    "reload_time_stats": {
      "min_ms": 100.95934406854212,
      "max_ms": 105.97335011698306,
      "avg_ms": 104.35740184038877
    },
    "hot_reload_functional": true,
    "benchmark_duration_ms": 524.9016610905528
  },
  "summary": {
    "total_benchmarks": 6,
    "completed_benchmarks": 5,
    "failed_benchmarks": 1,
    "overall_success_rate": 0.8333333333333334,
    "timestamp": 1758731478.622184
  }
}