{
  "metadata": {
    "timestamp": 1756573675.954682,
    "duration_seconds": 0.4141669273376465,
    "qdrant_host": "localhost:6333",
    "collections_tested": [
      "test-collection-5",
      "bench_project_1000",
      "quick-test"
    ]
  },
  "collection_results": {
    "test-collection-5": {
      "point_count": 19,
      "has_vectors": true,
      "has_payload": true,
      "vector_info": {
        "dense": 384
      },
      "search_tests": {
        "basic_search": {
          "mean_time_ms": 2.373750798869878,
          "median_time_ms": 2.101025020238012,
          "min_time_ms": 1.8804610008373857,
          "max_time_ms": 4.47258201893419,
          "p95_time_ms": 3.6181719595333544,
          "std_dev_ms": 0.7655677984572967,
          "avg_results": 10,
          "throughput_qps": 421.27421314659114,
          "iterations": 10
        },
        "with_payload": {
          "mean_time_ms": 2.975462900940329,
          "median_time_ms": 2.8471435070969164,
          "min_time_ms": 2.566942013800144,
          "max_time_ms": 3.9764739922247827,
          "p95_time_ms": 3.7266983592417087,
          "std_dev_ms": 0.41707556405012164,
          "avg_results": 10,
          "throughput_qps": 336.08216042081125,
          "iterations": 10
        },
        "with_vectors": {
          "mean_time_ms": 4.010893224040046,
          "median_time_ms": 4.004680027719587,
          "min_time_ms": 3.786904038861394,
          "max_time_ms": 4.392533039208502,
          "p95_time_ms": 4.259261486004107,
          "std_dev_ms": 0.17220333699243726,
          "avg_results": 10,
          "throughput_qps": 249.32102256083783,
          "iterations": 10
        },
        "large_limit": {
          "mean_time_ms": 1.9552800920791924,
          "median_time_ms": 1.9282909925095737,
          "min_time_ms": 1.7978589748963714,
          "max_time_ms": 2.172240987420082,
          "p95_time_ms": 2.1638048376189545,
          "std_dev_ms": 0.13691422272600834,
          "avg_results": 19,
          "throughput_qps": 511.43567821867754,
          "iterations": 10
        }
      }
    },
    "bench_project_1000": {
      "point_count": 1764,
      "has_vectors": true,
      "has_payload": true,
      "vector_info": {
        "dense": 384
      },
      "search_tests": {
        "basic_search": {
          "mean_time_ms": 2.2738580009900033,
          "median_time_ms": 2.261571993585676,
          "min_time_ms": 2.130372973624617,
          "max_time_ms": 2.4862249847501516,
          "p95_time_ms": 2.4317902862094343,
          "std_dev_ms": 0.10548671572825118,
          "avg_results": 10,
          "throughput_qps": 439.7811998658734,
          "iterations": 10
        },
        "with_payload": {
          "mean_time_ms": 2.563594706589356,
          "median_time_ms": 2.545000024838373,
          "min_time_ms": 2.28428200352937,
          "max_time_ms": 3.0328420107252896,
          "p95_time_ms": 2.887811040272936,
          "std_dev_ms": 0.21657132019608952,
          "avg_results": 10,
          "throughput_qps": 390.07726043030203,
          "iterations": 10
        },
        "with_vectors": {
          "mean_time_ms": 3.6659299163147807,
          "median_time_ms": 3.66628504707478,
          "min_time_ms": 3.463172004558146,
          "max_time_ms": 3.9304840029217303,
          "p95_time_ms": 3.8567811949178576,
          "std_dev_ms": 0.1277058624011572,
          "avg_results": 10,
          "throughput_qps": 272.78208335342697,
          "iterations": 10
        },
        "large_limit": {
          "mean_time_ms": 2.3892541066743433,
          "median_time_ms": 2.18400452286005,
          "min_time_ms": 2.024566987529397,
          "max_time_ms": 3.6570290103554726,
          "p95_time_ms": 3.2337256910977876,
          "std_dev_ms": 0.4912631814741438,
          "avg_results": 50,
          "throughput_qps": 418.5406638860705,
          "iterations": 10
        }
      }
    },
    "quick-test": {
      "point_count": 1,
      "has_vectors": true,
      "has_payload": true,
      "vector_info": {
        "dense": 384
      },
      "search_tests": {
        "basic_search": {
          "mean_time_ms": 1.8371819925960153,
          "median_time_ms": 1.7416824994143099,
          "min_time_ms": 1.6905319644138217,
          "max_time_ms": 2.4353840271942317,
          "p95_time_ms": 2.2729574120603497,
          "std_dev_ms": 0.23791434401415837,
          "avg_results": 1,
          "throughput_qps": 544.3118885500058,
          "iterations": 10
        },
        "with_payload": {
          "mean_time_ms": 1.749485294567421,
          "median_time_ms": 1.765604509273544,
          "min_time_ms": 1.5951759996823967,
          "max_time_ms": 1.9078379846177995,
          "p95_time_ms": 1.8939154339022934,
          "std_dev_ms": 0.10294334267880889,
          "avg_results": 1,
          "throughput_qps": 571.5966879545911,
          "iterations": 10
        },
        "with_vectors": {
          "mean_time_ms": 1.8793164112139493,
          "median_time_ms": 1.882627489976585,
          "min_time_ms": 1.74959801370278,
          "max_time_ms": 1.9837130093947053,
          "p95_time_ms": 1.9784867094131187,
          "std_dev_ms": 0.07662210789976627,
          "avg_results": 1,
          "throughput_qps": 532.1083741050542,
          "iterations": 10
        },
        "large_limit": {
          "mean_time_ms": 1.727045903680846,
          "median_time_ms": 1.7044015403371304,
          "min_time_ms": 1.6202519764192402,
          "max_time_ms": 1.8556719878688455,
          "p95_time_ms": 1.8381543864961714,
          "std_dev_ms": 0.08160540404097769,
          "avg_results": 1,
          "throughput_qps": 579.023405150207,
          "iterations": 10
        }
      }
    }
  },
  "concurrent_results": {
    "quick-test": {}
  }
}