{
  "metadata": {
    "timestamp": 1756574057.39583,
    "duration_seconds": 0.866034984588623,
    "qdrant_host": "localhost:6333",
    "collections_tested": [
      "test-collection-5",
      "bench_project_1000",
      "quick-test"
    ]
  },
  "collection_results": {
    "test-collection-5": {
      "point_count": 19,
      "has_vectors": true,
      "has_payload": true,
      "vector_info": {
        "dense": 384
      },
      "search_tests": {
        "basic_search": {
          "mean_time_ms": 2.2387321980204433,
          "median_time_ms": 1.898568996693939,
          "min_time_ms": 1.8328349688090384,
          "max_time_ms": 4.592632001731545,
          "p95_time_ms": 3.5694377584150034,
          "std_dev_ms": 0.8421030539463339,
          "avg_results": 10,
          "throughput_qps": 446.6813855110634,
          "iterations": 10
        },
        "with_payload": {
          "mean_time_ms": 2.5536657019983977,
          "median_time_ms": 2.5065054651349783,
          "min_time_ms": 2.4426860036328435,
          "max_time_ms": 2.7646939852274954,
          "p95_time_ms": 2.723846142180264,
          "std_dev_ms": 0.10666878623584342,
          "avg_results": 10,
          "throughput_qps": 391.5939346396984,
          "iterations": 10
        },
        "with_vectors": {
          "mean_time_ms": 3.4830596880055964,
          "median_time_ms": 3.48666898207739,
          "min_time_ms": 3.2681659795343876,
          "max_time_ms": 3.7549189873971045,
          "p95_time_ms": 3.6915904871420935,
          "std_dev_ms": 0.14649941384641763,
          "avg_results": 10,
          "throughput_qps": 287.1038941547973,
          "iterations": 10
        },
        "large_limit": {
          "mean_time_ms": 1.8812174850609154,
          "median_time_ms": 1.8727554706856608,
          "min_time_ms": 1.7467390280216932,
          "max_time_ms": 2.0115110091865063,
          "p95_time_ms": 1.9978044496383518,
          "std_dev_ms": 0.095473041152687,
          "avg_results": 19,
          "throughput_qps": 531.5706492955646,
          "iterations": 10
        }
      }
    },
    "bench_project_1000": {
      "point_count": 1764,
      "has_vectors": true,
      "has_payload": true,
      "vector_info": {
        "dense": 384
      },
      "search_tests": {
        "basic_search": {
          "mean_time_ms": 2.0506145956460387,
          "median_time_ms": 2.0118695101700723,
          "min_time_ms": 1.9351330120116472,
          "max_time_ms": 2.3471260210499167,
          "p95_time_ms": 2.240273519419133,
          "std_dev_ms": 0.11788491509089624,
          "avg_results": 10,
          "throughput_qps": 487.65867663443294,
          "iterations": 10
        },
        "with_payload": {
          "mean_time_ms": 2.7897973952349275,
          "median_time_ms": 2.73851549718529,
          "min_time_ms": 2.4129649973474443,
          "max_time_ms": 3.444183967076242,
          "p95_time_ms": 3.302168491063639,
          "std_dev_ms": 0.33618800340842536,
          "avg_results": 10,
          "throughput_qps": 358.44896898535904,
          "iterations": 10
        },
        "with_vectors": {
          "mean_time_ms": 5.311470897868276,
          "median_time_ms": 5.4002690012566745,
          "min_time_ms": 3.4658359945751727,
          "max_time_ms": 6.9826829712837934,
          "p95_time_ms": 6.826095582800917,
          "std_dev_ms": 1.291868627800847,
          "avg_results": 10,
          "throughput_qps": 188.2717648705076,
          "iterations": 10
        },
        "large_limit": {
          "mean_time_ms": 2.216539002256468,
          "median_time_ms": 2.1100224985275418,
          "min_time_ms": 2.0317890448495746,
          "max_time_ms": 2.8254989883862436,
          "p95_time_ms": 2.6121107948711138,
          "std_dev_ms": 0.23854746955946798,
          "avg_results": 50,
          "throughput_qps": 451.1538028349539,
          "iterations": 10
        }
      }
    },
    "quick-test": {
      "point_count": 1,
      "has_vectors": true,
      "has_payload": true,
      "vector_info": {
        "dense": 384
      },
      "search_tests": {
        "basic_search": {
          "mean_time_ms": 1.8141952867154032,
          "median_time_ms": 1.7856504709925503,
          "min_time_ms": 1.6474959556944668,
          "max_time_ms": 2.237626991700381,
          "p95_time_ms": 2.093055506702512,
          "std_dev_ms": 0.16991492018281712,
          "avg_results": 1,
          "throughput_qps": 551.2085756823335,
          "iterations": 10
        },
        "with_payload": {
          "mean_time_ms": 2.1052212978247553,
          "median_time_ms": 2.089098474243656,
          "min_time_ms": 1.9480250193737447,
          "max_time_ms": 2.413508016616106,
          "p95_time_ms": 2.283090815762989,
          "std_dev_ms": 0.12051166682593448,
          "avg_results": 1,
          "throughput_qps": 475.0094448660869,
          "iterations": 10
        },
        "with_vectors": {
          "mean_time_ms": 2.1626850008033216,
          "median_time_ms": 2.151444525225088,
          "min_time_ms": 1.83232402196154,
          "max_time_ms": 2.5566299445927143,
          "p95_time_ms": 2.5362157146446407,
          "std_dev_ms": 0.22611170214278925,
          "avg_results": 1,
          "throughput_qps": 462.388188584354,
          "iterations": 10
        },
        "large_limit": {
          "mean_time_ms": 2.025419904384762,
          "median_time_ms": 1.997298008063808,
          "min_time_ms": 1.673223974648863,
          "max_time_ms": 2.5975900352932513,
          "p95_time_ms": 2.4882823170628394,
          "std_dev_ms": 0.3162674288249965,
          "avg_results": 1,
          "throughput_qps": 493.72478162929787,
          "iterations": 10
        }
      }
    }
  },
  "concurrent_results": {
    "test-collection-5": {
      "concurrency_1": {
        "mean_total_time_ms": 3.32864032437404,
        "median_total_time_ms": 3.328311024233699,
        "mean_per_request_ms": 3.32864032437404,
        "throughput_qps": 300.42296630172945,
        "success_rate": 1.0,
        "iterations": 3
      },
      "concurrency_5": {
        "mean_total_time_ms": 9.479660637831936,
        "median_total_time_ms": 9.463957976549864,
        "mean_per_request_ms": 1.8959321275663872,
        "throughput_qps": 527.4450416553661,
        "success_rate": 1.0,
        "iterations": 3
      },
      "concurrency_10": {
        "mean_total_time_ms": 17.373842323043693,
        "median_total_time_ms": 17.15644303476438,
        "mean_per_request_ms": 1.7373842323043693,
        "throughput_qps": 575.5779184628929,
        "success_rate": 1.0,
        "iterations": 3
      },
      "concurrency_20": {
        "mean_total_time_ms": 36.20829764986411,
        "median_total_time_ms": 36.61571798147634,
        "mean_per_request_ms": 1.8104148824932054,
        "throughput_qps": 552.3595777244464,
        "success_rate": 1.0,
        "iterations": 3
      }
    },
    "bench_project_1000": {
      "concurrency_1": {
        "mean_total_time_ms": 2.86515998110796,
        "median_total_time_ms": 2.8652509790845215,
        "mean_per_request_ms": 2.86515998110796,
        "throughput_qps": 349.020650362881,
        "success_rate": 1.0,
        "iterations": 3
      },
      "concurrency_5": {
        "mean_total_time_ms": 7.9652880085632205,
        "median_total_time_ms": 7.718677981756628,
        "mean_per_request_ms": 1.593057601712644,
        "throughput_qps": 627.7236924295347,
        "success_rate": 1.0,
        "iterations": 3
      },
      "concurrency_10": {
        "mean_total_time_ms": 15.59839234687388,
        "median_total_time_ms": 15.183343028184026,
        "mean_per_request_ms": 1.559839234687388,
        "throughput_qps": 641.0917085313686,
        "success_rate": 1.0,
        "iterations": 3
      },
      "concurrency_20": {
        "mean_total_time_ms": 30.788497009780258,
        "median_total_time_ms": 30.99703200859949,