{
  "metadata": {
    "timestamp": 1756574075.599787,
    "duration_seconds": 0.6800398826599121,
    "qdrant_host": "localhost:6333",
    "collections_tested": [
      "test-collection-5",
      "bench_project_1000",
      "quick-test"
    ]
  },
  "collection_results": {
    "test-collection-5": {
      "point_count": 19,
      "has_vectors": true,
      "has_payload": true,
      "vector_info": {
        "dense": 384
      },
      "search_tests": {
        "basic_search": {
          "mean_time_ms": 2.128396899206564,
          "median_time_ms": 1.9200464885216206,
          "min_time_ms": 1.7609659698791802,
          "max_time_ms": 3.911375009920448,
          "p95_time_ms": 3.1924977578455564,
          "std_dev_ms": 0.6508992025420062,
          "avg_results": 10,
          "throughput_qps": 469.8371813888593,
          "iterations": 10
        },
        "with_payload": {
          "mean_time_ms": 2.339109987951815,
          "median_time_ms": 2.339750499231741,
          "min_time_ms": 2.207365003414452,
          "max_time_ms": 2.496722969226539,
          "p95_time_ms": 2.4800995335681364,
          "std_dev_ms": 0.09985805659347251,
          "avg_results": 10,
          "throughput_qps": 427.5130306615576,
          "iterations": 10
        },
        "with_vectors": {
          "mean_time_ms": 3.2113956985995173,
          "median_time_ms": 3.211777482647449,
          "min_time_ms": 3.112205013167113,
          "max_time_ms": 3.283036989159882,
          "p95_time_ms": 3.2666556333424523,
          "std_dev_ms": 0.047748795800098165,
          "avg_results": 10,
          "throughput_qps": 311.39108781770426,
          "iterations": 10
        },
        "large_limit": {
          "mean_time_ms": 1.664626895217225,
          "median_time_ms": 1.6591949970461428,
          "min_time_ms": 1.5779790119268,
          "max_time_ms": 1.7500779940746725,
          "p95_time_ms": 1.7476160457590595,
          "std_dev_ms": 0.0603584329006312,
          "avg_results": 19,
          "throughput_qps": 600.7352175272317,
          "iterations": 10
        }
      }
    },
    "bench_project_1000": {
      "point_count": 1764,
      "has_vectors": true,
      "has_payload": true,
      "vector_info": {
        "dense": 384
      },
      "search_tests": {
        "basic_search": {
          "mean_time_ms": 1.6941676090937108,
          "median_time_ms": 1.6745880129747093,
          "min_time_ms": 1.5725760022178292,
          "max_time_ms": 1.8559099989943206,
          "p95_time_ms": 1.8199833546532318,
          "std_dev_ms": 0.09498037854572056,
          "avg_results": 10,
          "throughput_qps": 590.260370126511,
          "iterations": 10
        },
        "with_payload": {
          "mean_time_ms": 1.9604575994890183,
          "median_time_ms": 1.951396989170462,
          "min_time_ms": 1.9178540096618235,
          "max_time_ms": 2.052354975603521,
          "p95_time_ms": 2.0399885514052585,
          "std_dev_ms": 0.04517539594971092,
          "avg_results": 10,
          "throughput_qps": 510.08499253472456,
          "iterations": 10
        },
        "with_vectors": {
          "mean_time_ms": 3.100189205724746,
          "median_time_ms": 3.080824506469071,
          "min_time_ms": 2.9240029980428517,
          "max_time_ms": 3.3227340318262577,
          "p95_time_ms": 3.275545671931468,
          "std_dev_ms": 0.12089114444851669,
          "avg_results": 10,
          "throughput_qps": 322.56095794199285,
          "iterations": 10
        },
        "large_limit": {
          "mean_time_ms": 1.839283894514665,
          "median_time_ms": 1.773060008417815,
          "min_time_ms": 1.7002560198307037,
          "max_time_ms": 2.285736962221563,
          "p95_time_ms": 2.130114356987178,
          "std_dev_ms": 0.17239834721667946,
          "avg_results": 50,
          "throughput_qps": 543.6898583097046,
          "iterations": 10
        }
      }
    },
    "quick-test": {
      "point_count": 1,
      "has_vectors": true,
      "has_payload": true,
      "vector_info": {
        "dense": 384
      },
      "search_tests": {
        "basic_search": {
          "mean_time_ms": 1.61832679877989,
          "median_time_ms": 1.6315510147251189,
          "min_time_ms": 1.5318189980462193,
          "max_time_ms": 1.758185971993953,
          "p95_time_ms": 1.7188393278047442,
          "std_dev_ms": 0.07404497307543945,
          "avg_results": 1,
          "throughput_qps": 617.9221655069501,
          "iterations": 10
        },
        "with_payload": {
          "mean_time_ms": 1.6556918155401945,
          "median_time_ms": 1.6450575203634799,
          "min_time_ms": 1.5460170106962323,
          "max_time_ms": 1.826232997700572,
          "p95_time_ms": 1.7780573543859646,
          "std_dev_ms": 0.08189686010800017,
          "avg_results": 1,
          "throughput_qps": 603.9771354874608,
          "iterations": 10
        },
        "with_vectors": {
          "mean_time_ms": 1.901847094995901,
          "median_time_ms": 1.8558450101409107,
          "min_time_ms": 1.6144929686561227,
          "max_time_ms": 2.4024239974096417,
          "p95_time_ms": 2.3653943731915206,
          "std_dev_ms": 0.2849326144669312,
          "avg_results": 1,
          "throughput_qps": 525.8046257405122,
          "iterations": 10
        },
        "large_limit": {
          "mean_time_ms": 1.7183395102620125,
          "median_time_ms": 1.697310508461669,
          "min_time_ms": 1.6313070082105696,
          "max_time_ms": 1.877807022538036,
          "p95_time_ms": 1.856950411456637,
          "std_dev_ms": 0.07907938049622835,
          "avg_results": 1,
          "throughput_qps": 581.9571708780181,
          "iterations": 10
        }
      }
    }
  },
  "concurrent_results": {
    "test-collection-5": {
      "concurrency_1": {
        "mean_total_time_ms": 2.654988997771094,
        "median_total_time_ms": 2.501832030247897,
        "mean_per_request_ms": 2.654988997771094,
        "throughput_qps": 376.6493950971232,
        "success_rate": 1.0,
        "iterations": 3
      },
      "concurrency_5": {
        "mean_total_time_ms": 8.295082991632322,
        "median_total_time_ms": 8.218578004743904,
        "mean_per_request_ms": 1.6590165983264644,
        "throughput_qps": 602.7667239789835,
        "success_rate": 1.0,
        "iterations": 3
      },
      "concurrency_10": {
        "mean_total_time_ms": 16.75381532792623,
        "median_total_time_ms": 16.465199005324394,
        "mean_per_request_ms": 1.675381532792623,
        "throughput_qps": 596.8789678212235,
        "success_rate": 1.0,
        "iterations": 3
      },
      "concurrency_20": {
        "mean_total_time_ms": 33.06733966261769,
        "median_total_time_ms": 32.27896394673735,
        "mean_per_request_ms": 1.6533669831308846,
        "throughput_qps": 604.8263998270719,
        "success_rate": 1.0,
        "iterations": 3
      }
    },
    "bench_project_1000": {
      "concurrency_1": {
        "mean_total_time_ms": 2.219748004184415,
        "median_total_time_ms": 2.2463040077127516,
        "mean_per_request_ms": 2.219748004184415,
        "throughput_qps": 450.5015876193669,
        "success_rate": 1.0,
        "iterations": 3
      },
      "concurrency_5": {
        "mean_total_time_ms": 7.23467901116237,
        "median_total_time_ms": 7.266388973221183,
        "mean_per_request_ms": 1.446935802232474,
        "throughput_qps": 691.1156655721022,
        "success_rate": 1.0,
        "iterations": 3
      },
      "concurrency_10": {
        "mean_total_time_ms": 14.743688322293261,
        "median_total_time_ms": 14.91230697138235,
        "mean_per_request_ms": 1.474368832229326,
        "throughput_qps": 678.256334602479,
        "success_rate": 1.0,
        "iterations": 3
      },
      "concurrency_20": {
        "mean_total_time_ms": 32.4086023416991,
        "median_total_time_ms": 31.629067030735314,